Workbook

Sheet 설정
B2: 크레딧 배분 설정
B3: 노란색 셀만 수정하십시오. 값을 바꾸면 모든 시트가 자동 재계산됩니다.
B5: K-Credit — 지식 콘텐츠 기여
B6: 행위 | C6: 점수 | D6: 설계 의도
B7: 글 작성 | C7: 10 | D7: 기본 단위
B8: 첫 글 작성 (생애 1회) | C8: 50 | D8: 진입 장벽 제거 — 최대 병목에 최대 유인
B9: 댓글 작성 | C9: 3 | D9: 논의 참여 유도
B10: 좋아요 받음 | C10: 1 | D10: 반응 신호 (주 재원 아님)
B11: 좋아요 누름 | C11: 1 | D11: 읽기만 하는 다수의 참여 유도
B12: 위키 전환(published) | C12: 30 | D12: 검토 통과 = 품질 보증
B13: 타 문서가 인용·참조 | C13: 10 | D13: 재사용 실증
B16: S-Credit — 교육·전파 기여
B17: 행위 | C17: 점수 | D17: 설계 의도
B18: 교육·코칭 진행 (1회) | C18: 30 | D18: 직접 전파 · AX혁신팀 주요 활동
B19: 타 부서 도입 지원 | C19: 50 | D19: 확산 실증 — 가장 높은 가치
B22: 안전장치
B23: 항목 | C23: 값 | D23: 비고
B24: 월 상한 (1인) | C24: 500 | D24: 소수 독점 방지 — 부정 방지 아님
B25: 동일인 좋아요 1일 제한 | C25: 3 | D25: 동일 작성자에 대한 1일 최대 횟수
B28: 시뮬레이션 규모
B29: 항목 | C29: 값 | D29: 비고
B30: 전체 인원 | C30: 500 | D30: KIMM 전 직원 가정
B31: 작성자 수 | C31: 25 | D31: 초기 현실 가정 (전체의 5%)
B32: 열람 참여자 수 | C32: 120 | D32: 좋아요를 누르는 인원
B34: ※ 규모 값은 참고용 표기입니다. 실제 시뮬레이션 대상은 '활동로그' 시트의 데이터입니다.
B35: ※ 노란 셀(점수·안전장치)을 바꾸면 개인별정산·요약 시트가 즉시 재계산됩니다.

Sheet 활동로그
B2: 활동 로그 (가상 데이터)
B3: 8월 런칭 후에는 이 시트를 실제 플랫폼 로그로 교체하면 그대로 정산 도구가 됩니다.
B5: ID | C5: 이름 | D5: 유형 | E5: 글 수 | F5: 첫 글 여부 | G5: 댓글 수 | H5: 받은 좋아요 | I5: 누른 좋아요 | J5: 위키 전환 | K5: 인용 받음 | L5: 교육 진행 | M5: 타부서 지원 | N5: 비고
B6: U001 | C6: 작성자 A | D6: 우수 생산자 | E6: 3 | F6: 1 | G6: 12 | H6: 45 | I6: 25 | J6: 2 | K6: 3 | L6: 0 | M6: 0 | N6: 양질의 글 · 독자 다수가 고르게 반응
B7: U002 | C7: 작성자 B | D7: 다작형 | E7: 15 | F7: 1 | G7: 5 | H7: 20 | I7: 10 | J7: 1 | K7: 0 | L7: 0 | M7: 0 | N7: 글 수는 많으나 건당 반응은 적음
B8: U003 | C8: 작성자 C | D8: 신규 진입자 | E8: 1 | F8: 1 | G8: 2 | H8: 18 | I8: 5 | J8: 1 | K8: 0 | L8: 0 | M8: 0 | N8: 첫 글 1건 · 반응 양호
B9: U004 | C9: 작성자 D | D9: 교육 중심 | E9: 2 | F9: 1 | G9: 8 | H9: 15 | I9: 30 | J9: 1 | K9: 1 | L9: 3 | M9: 1 | N9: 교육·코칭 중심 · S-Credit 비중 큼
B10: U005 | C10: 열람자 E | D10: 열람 전용 | E10: 0 | F10: 0 | G10: 6 | H10: 0 | I10: 21 | J10: 0 | K10: 0 | L10: 0 | M10: 0 | N10: 글 없음, 반응만 참여
B11: U006 | C11: 참여자 6 | D11: 일반 | E11: 1 | F11: 1 | G11: 1 | H11: 6 | I11: 20 | J11: 0 | K11: 0 | L11: 0 | M11: 0
B12: U007 | C12: 참여자 7 | D12: 일반 | E12: 1 | F12: 1 | G12: 4 | H12: 0 | I12: 16 | J12: 0 | K12: 0 | L12: 0 | M12: 0
B13: U008 | C13: 참여자 8 | D13: 일반 | E13: 2 | F13: 1 | G13: 3 | H13: 2 | I13: 7 | J13: 0 | K13: 1 | L13: 1 | M13: 0
B14: U009 | C14: 참여자 9 | D14: 일반 | E14: 0 | F14: 0 | G14: 6 | H14: 0 | I14: 18 | J14: 0 | K14: 0 | L14: 0 | M14: 0
B15: U010 | C15: 참여자 10 | D15: 일반 | E15: 1 | F15: 1 | G15: 5 | H15: 0 | I15: 18 | J15: 1 | K15: 0 | L15: 0 | M15: 0
B16: U011 | C16: 참여자 11 | D16: 일반 | E16: 0 | F16: 0 | G16: 4 | H16: 0 | I16: 4 | J16: 0 | K16: 0 | L16: 0 | M16: 0
B17: U012 | C17: 참여자 12 | D17: 일반 | E17: 2 | F17: 1 | G17: 1 | H17: 3 | I17: 18 | J17: 0 | K17: 1 | L17: 0 | M17: 0
B18: U013 | C18: 참여자 13 | D18: 일반 | E18: 0 | F18: 0 | G18: 4 | H18: 0 | I18: 18 | J18: 0 | K18: 0 | L18: 0 | M18: 0
B19: U014 | C19: 참여자 14 | D19: 일반 | E19: 1 | F19: 1 | G19: 0 | H19: 8 | I19: 2 | J19: 0 | K19: 1 | L19: 0 | M19: 0
B20: U015 | C20: 참여자 15 | D20: 일반 | E20: 2 | F20: 1 | G20: 5 | H20: 13 | I20: 10 | J20: 1 | K20: 1 | L20: 1 | M20: 0
B21: U016 | C21: 참여자 16 | D21: 일반 | E21: 1 | F21: 1 | G21: 2 | H21: 3 | I21: 5 | J21: 0 | K21: 0 | L21: 0 | M21: 0
B22: U017 | C22: 참여자 17 | D22: 일반 | E22: 2 | F22: 1 | G22: 3 | H22: 10 | I22: 14 | J22: 0 | K22: 1 | L22: 0 | M22: 0
... B30: U025 | C30: 참여자 25 | D30: 일반 | E30: 1 | F30: 1 | G30: 5 | H30: 3 | I30: 12 | J30: 1 | K30: 0 | L30: 0 | M30: 0
B32: ※ '첫 글 여부' 1 = 생애 첫 글 작성 (보너스 대상) · 0 = 해당 없음
B33: ※ 상위 5행은 회의 설명용 대표 유형이며, 나머지는 무작위 생성한 일반 참여자입니다.

Sheet 개인별정산
B2: 개인별 크레딧 정산
B3: 설정 시트의 점수를 바꾸면 이 시트가 자동으로 다시 계산됩니다.
B5: ID | C5: 이름 | D5: 유형 | E5: 글 | F5: 첫글보너스 | G5: 댓글 | H5: 좋아요받음 | I5: 좋아요누름 | J5: 위키전환 | K5: 인용 | L5: K-Credit 소계 | M5: S-Credit 소계 | N5: 합계(상한 전) | O5: 월 상한 적용 | P5: 최종 크레딧
B6: =활동로그!B6 -> U001 | C6: =활동로그!C6 -> 작성자 A | D6: =활동로그!D6 -> 우수 생산자 | E6: =활동로그!E6*설정!$C$7 -> 30 | F6: =활동로그!F6*설정!$C$8 -> 50 | G6: =활동로그!G6*설정!$C$9 -> 36 | H6: =활동로그!H6*설정!$C$10 -> 45 | I6: =활동로그!I6*설정!$C$11 -> 25 | J6: =활동로그!J6*설정!$C$12 -> 60 | K6: =활동로그!K6*설정!$C$13 -> 30 | L6: =SUM(E6:K6) -> 276 | M6: =활동로그!L6*설정!$C$18+활동로그!M6*설정!$C$19 -> 0 | N6: =L6+M6 -> 276 | O6: =IF(N6>설정!$C$24,"초과","-") -> - | P6: =MIN(N6,설정!$C$24) -> 276
B7: =활동로그!B7 -> U002 | C7: =활동로그!C7 -> 작성자 B | D7: =활동로그!D7 -> 다작형 | E7: =활동로그!E7*설정!$C$7 -> 150 | F7: =활동로그!F7*설정!$C$8 -> 50 | G7: =활동로그!G7*설정!$C$9 -> 15 | H7: =활동로그!H7*설정!$C$10 -> 20 | I7: =활동로그!I7*설정!$C$11 -> 10 | J7: =활동로그!J7*설정!$C$12 -> 30 | K7: =활동로그!K7*설정!$C$13 -> 0 | L7: =SUM(E7:K7) -> 275 | M7: =활동로그!L7*설정!$C$18+활동로그!M7*설정!$C$19 -> 0 | N7: =L7+M7 -> 275 | O7: =IF(N7>설정!$C$24,"초과","-") -> - | P7: =MIN(N7,설정!$C$24) -> 275
B8: =활동로그!B8 -> U003 | C8: =활동로그!C8 -> 작성자 C | D8: =활동로그!D8 -> 신규 진입자 | E8: =활동로그!E8*설정!$C$7 -> 10 | F8: =활동로그!F8*설정!$C$8 -> 50 | G8: =활동로그!G8*설정!$C$9 -> 6 | H8: =활동로그!H8*설정!$C$10 -> 18 | I8: =활동로그!I8*설정!$C$11 -> 5 | J8: =활동로그!J8*설정!$C$12 -> 30 | K8: =활동로그!K8*설정!$C$13 -> 0 | L8: =SUM(E8:K8) -> 119 | M8: =활동로그!L8*설정!$C$18+활동로그!M8*설정!$C$19 -> 0 | N8: =L8+M8 -> 119 | O8: =IF(N8>설정!$C$24,"초과","-") -> - | P8: =MIN(N8,설정!$C$24) -> 119
B9: =활동로그!B9 -> U004 | C9: =활동로그!C9 -> 작성자 D | D9: =활동로그!D9 -> 교육 중심 | E9: =활동로그!E9*설정!$C$7 -> 20 | F9: =활동로그!F9*설정!$C$8 -> 50 | G9: =활동로그!G9*설정!$C$9 -> 24 | H9: =활동로그!H9*설정!$C$10 -> 15 | I9: =활동로그!I9*설정!$C$11 -> 30 | J9: =활동로그!J9*설정!$C$12 -> 30 | K9: =활동로그!K9*설정!$C$13 -> 10 | L9: =SUM(E9:K9) -> 179 | M9: =활동로그!L9*설정!$C$18+활동로그!M9*설정!$C$19 -> 140 | N9: =L9+M9 -> 319 | O9: =IF(N9>설정!$C$24,"초과","-") -> - | P9: =MIN(N9,설정!$C$24) -> 319
B10: =활동로그!B10 -> U005 | C10: =활동로그!C10 -> 열람자 E | D10: =활동로그!D10 -> 열람 전용 | E10: =활동로그!E10*설정!$C$7 -> 0 | F10: =활동로그!F10*설정!$C$8 -> 0 | G10: =활동로그!G10*설정!$C$9 -> 18 | H10: =활동로그!H10*설정!$C$10 -> 0 | I10: =활동로그!I10*설정!$C$11 -> 21 | J10: =활동로그!J10*설정!$C$12 -> 0 | K10: =활동로그!K10*설정!$C$13 -> 0 | L10: =SUM(E10:K10) -> 39 | M10: =활동로그!L10*설정!$C$18+활동로그!M10*설정!$C$19 -> 0 | N10: =L10+M10 -> 39 | O10: =IF(N10>설정!$C$24,"초과","-") -> - | P10: =MIN(N10,설정!$C$24) -> 39
B11: =활동로그!B11 -> U006 | C11: =활동로그!C11 -> 참여자 6 | D11: =활동로그!D11 -> 일반 | E11: =활동로그!E11*설정!$C$7 -> 10 | F11: =활동로그!F11*설정!$C$8 -> 50 | G11: =활동로그!G11*설정!$C$9 -> 3 | H11: =활동로그!H11*설정!$C$10 -> 6 | I11: =활동로그!I11*설정!$C$11 -> 20 | J11: =활동로그!J11*설정!$C$12 -> 0 | K11: =활동로그!K11*설정!$C$13 -> 0 | L11: =SUM(E11:K11) -> 89 | M11: =활동로그!L11*설정!$C$18+활동로그!M11*설정!$C$19 -> 0 | N11: =L11+M11 -> 89 | O11: =IF(N11>설정!$C$24,"초과","-") -> - | P11: =MIN(N11,설정!$C$24) -> 89
B12: =활동로그!B12 -> U007 | C12: =활동로그!C12 -> 참여자 7 | D12: =활동로그!D12 -> 일반 | E12: =활동로그!E12*설정!$C$7 -> 10 | F12: =활동로그!F12*설정!$C$8 -> 50 | G12: =활동로그!G12*설정!$C$9 -> 12 | H12: =활동로그!H12*설정!$C$10 -> 0 | I12: =활동로그!I12*설정!$C$11 -> 16 | J12: =활동로그!J12*설정!$C$12 -> 0 | K12: =활동로그!K12*설정!$C$13 -> 0 | L12: =SUM(E12:K12) -> 88 | M12: =활동로그!L12*설정!$C$18+활동로그!M12*설정!$C$19 -> 0 | N12: =L12+M12 -> 88 | O12: =IF(N12>설정!$C$24,"초과","-") -> - | P12: =MIN(N12,설정!$C$24) -> 88
B13: =활동로그!B13 -> U008 | C13: =활동로그!C13 -> 참여자 8 | D13: =활동로그!D13 -> 일반 | E13: =활동로그!E13*설정!$C$7 -> 20 | F13: =활동로그!F13*설정!$C$8 -> 50 | G13: =활동로그!G13*설정!$C$9 -> 9 | H13: =활동로그!H13*설정!$C$10 -> 2 | I13: =활동로그!I13*설정!$C$11 -> 7 | J13: =활동로그!J13*설정!$C$12 -> 0 | K13: =활동로그!K13*설정!$C$13 -> 10 | L13: =SUM(E13:K13) -> 98 | M13: =활동로그!L13*설정!$C$18+활동로그!M13*설정!$C$19 -> 30 | N13: =L13+M13 -> 128 | O13: =IF(N13>설정!$C$24,"초과","-") -> - | P13: =MIN(N13,설정!$C$24) -> 128
B14: =활동로그!B14 -> U009 | C14: =활동로그!C14 -> 참여자 9 | D14: =활동로그!D14 -> 일반 | E14: =활동로그!E14*설정!$C$7 -> 0 | F14: =활동로그!F14*설정!$C$8 -> 0 | G14: =활동로그!G14*설정!$C$9 -> 18 | H14: =활동로그!H14*설정!$C$10 -> 0 | I14: =활동로그!I14*설정!$C$11 -> 18 | J14: =활동로그!J14*설정!$C$12 -> 0 | K14: =활동로그!K14*설정!$C$13 -> 0 | L14: =SUM(E14:K14) -> 36 | M14: =활동로그!L14*설정!$C$18+활동로그!M14*설정!$C$19 -> 0 | N14: =L14+M14 -> 36 | O14: =IF(N14>설정!$C$24,"초과","-") -> - | P14: =MIN(N14,설정!$C$24) -> 36
B15: =활동로그!B15 -> U010 | C15: =활동로그!C15 -> 참여자 10 | D15: =활동로그!D15 -> 일반 | E15: =활동로그!E15*설정!$C$7 -> 10 | F15: =활동로그!F15*설정!$C$8 -> 50 | G15: =활동로그!G15*설정!$C$9 -> 15 | H15: =활동로그!H15*설정!$C$10 -> 0 | I15: =활동로그!I15*설정!$C$11 -> 18 | J15: =활동로그!J15*설정!$C$12 -> 30 | K15: =활동로그!K15*설정!$C$13 -> 0 | L15: =SUM(E15:K15) -> 123 | M15: =활동로그!L15*설정!$C$18+활동로그!M15*설정!$C$19 -> 0 | N15: =L15+M15 -> 123 | O15: =IF(N15>설정!$C$24,"초과","-") -> - | P15: =MIN(N15,설정!$C$24) -> 123
B16: =활동로그!B16 -> U011 | C16: =활동로그!C16 -> 참여자 11 | D16: =활동로그!D16 -> 일반 | E16: =활동로그!E16*설정!$C$7 -> 0 | F16: =활동로그!F16*설정!$C$8 -> 0 | G16: =활동로그!G16*설정!$C$9 -> 12 | H16: =활동로그!H16*설정!$C$10 -> 0 | I16: =활동로그!I16*설정!$C$11 -> 4 | J16: =활동로그!J16*설정!$C$12 -> 0 | K16: =활동로그!K16*설정!$C$13 -> 0 | L16: =SUM(E16:K16) -> 16 | M16: =활동로그!L16*설정!$C$18+활동로그!M16*설정!$C$19 -> 0 | N16: =L16+M16 -> 16 | O16: =IF(N16>설정!$C$24,"초과","-") -> - | P16: =MIN(N16,설정!$C$24) -> 16
B17: =활동로그!B17 -> U012 | C17: =활동로그!C17 -> 참여자 12 | D17: =활동로그!D17 -> 일반 | E17: =활동로그!E17*설정!$C$7 -> 20 | F17: =활동로그!F17*설정!$C$8 -> 50 | G17: =활동로그!G17*설정!$C$9 -> 3 | H17: =활동로그!H17*설정!$C$10 -> 3 | I17: =활동로그!I17*설정!$C$11 -> 18 | J17: =활동로그!J17*설정!$C$12 -> 0 | K17: =활동로그!K17*설정!$C$13 -> 10 | L17: =SUM(E17:K17) -> 104 | M17: =활동로그!L17*설정!$C$18+활동로그!M17*설정!$C$19 -> 0 | N17: =L17+M17 -> 104 | O17: =IF(N17>설정!$C$24,"초과","-") -> - | P17: =MIN(N17,설정!$C$24) -> 104
... B30: =활동로그!B30 -> U025 | C30: =활동로그!C30 -> 참여자 25 | D30: =활동로그!D30 -> 일반 | E30: =활동로그!E30*설정!$C$7 -> 10 | F30: =활동로그!F30*설정!$C$8 -> 50 | G30: =활동로그!G30*설정!$C$9 -> 15 | H30: =활동로그!H30*설정!$C$10 -> 3 | I30: =활동로그!I30*설정!$C$11 -> 12 | J30: =활동로그!J30*설정!$C$12 -> 30 | K30: =활동로그!K30*설정!$C$13 -> 0 | L30: =SUM(E30:K30) -> 120 | M30: =활동로그!L30*설정!$C$18+활동로그!M30*설정!$C$19 -> 0 | N30: =L30+M30 -> 120 | O30: =IF(N30>설정!$C$24,"초과","-") -> - | P30: =MIN(N30,설정!$C$24) -> 120
D31: 합계 | L31: =SUM(L6:L30) -> 2630 | M31: =SUM(M6:M30) -> 320 | N31: =SUM(N6:N30) -> 2950 | P31: =SUM(P6:P30) -> 2950

Sheet 사전등록 시나리오
B2: 사전 등록분 크레딧 처리 시나리오
B3: 운영(안) §5.2 결정용 — AX혁신팀이 런칭 전 사전 등록한 콘텐츠에 크레딧을 부여할지 비교
B5: 가정
B6: 항목 | C6: 값 | D6: 비고
B7: AX혁신팀 인원 | C7: 16 | D7: 기획보고서 v3 명단
B8: 1인당 사전 등록 건수 | C8: 3 | D8: 런칭 시점 30~50건 확보 목표 기준
B9: 사전 등록분 첫글 해당 | C9: 1 | D9: 1 = 사전 등록이 생애 첫 글이 됨 / 0 = 아님
B10: 사전 등록분 예상 좋아요 | C10: 5 | D10: 런칭 직후 열람 집중으로 건당 반응
B13: 혁신팀 1인당 사전 등록 점수
B14: 구성 요소 | C14: 점수 | D14: 산식
B15: 글 작성 | C15: =$C$8*설정!$C$7 -> 30 | D15: 등록 건수 × 글 작성 점수
B16: 첫 글 보너스 | C16: =$C$9*설정!$C$8 -> 50 | D16: 첫글 해당 여부 × 보너스
B17: 좋아요 받음 | C17: =$C$8*$C$10*설정!$C$10 -> 15 | D17: 등록 건수 × 건당 좋아요 × 점수
B18: 1인당 합계 | C18: =SUM(C15:C17) -> 95 | D18: 사전 등록만으로 획득하는 점수
B21: 부여 / 미부여 비교
B22: 지표 | C22: ① 부여 | D22: ② 미부여 | E22: 해석
B23: 혁신팀 1인 점수 (사전분) | C23: =C18 -> 95 | D23: 0 | E23: 미부여 시 사전 등록은 점수에 반영되지 않음
B24: 혁신팀 16인 합계 | C24: =C18*C7 -> 1520 | D24: 0 | E24: 제도 전체에 유입되는 점수 총량
B25: 일반 참여자 평균 (참고) | C25: =IFERROR(개인별정산!P31/COUNTA(개인별정산!B6:B30),0) -> 118 | D25: =IFERROR(개인별정산!P31/COUNTA(개인별정산!B6:B30),0) -> 118 | E25: '개인별정산' 시트 기준 1인 평균
B26: 혁신팀 1인 / 일반 평균 배수 | C26: =IFERROR(C23/C25,0) -> 0.80508475 | D26: =0 -> 0 | E26: 1.0배를 넘으면 사전 등록만으로 평균을 상회
B27: 월 상한(500) 대비 소진율 | C27: =IFERROR(C18/설정!$C$24,0) -> 0.19 | D27: =0 -> 0 | E27: 사전 등록만으로 상한의 몇 %를 채우는가
B30: 판단 참고
B31: ① 부여 시 — 혁신팀 16명이 런칭 첫 달 상위권을 차지할 가능성이 높다.
B32: 사전 등록은 '플랫폼 준비 작업'이지 자발적 참여가 아니므로, 일반 참여자에게는
B33: 따라잡을 수 없는 격차로 보일 수 있다.
B34: ② 미부여 시 — 사전 등록 협조에 대한 유인이 없다. 다만 이번 건은 기존 모임의
B35: 축적 자료를 옮기는 작업이어서 추가 부담이 크지 않아, 유인 부재의 영향은 제한적이다.
B36: ③ 절충(운영안 제안) — 크레딧 산정에서는 제외하되 「플랫폼 구축 기여」로 별도 기록하여
B37: 연말 단장 추천 시 근거 자료로 활용한다.
B39: ※ 노란 셀(가정)을 바꾸면 비교 수치가 즉시 재계산됩니다.
B40: ※ '일반 참여자 평균'은 활동로그의 가상 데이터 기준이므로 참고값입니다.

Sheet 요약
B2: 시뮬레이션 요약
B3: 설정 시트의 점수 배분을 조정하면서 아래 지표 변화를 확인하십시오.
B5: 지표 | C5: 값 | D5: 판단 기준
B6: 참여자 수 (로그 등재) | C6: =COUNTA(개인별정산!B6:B30) -> 25 | D6: —
B7: 글을 쓴 사람 수 | C7: =COUNTIF(활동로그!E6:E30,">0") -> 20 | D7: 초기 20~30명이면 정상
B8: 첫 글 보너스 수령자 | C8: =COUNTIF(활동로그!F6:F30,1) -> 20 | D8: 많을수록 신규 진입이 활발
B9: 전체 크레딧 총량 | C9: =개인별정산!P31 -> 2950 | D9: —
B10: 1인 평균 | C10: =IFERROR(개인별정산!P31/COUNTA(개인별정산!B6:B30),0) -> 118 | D10: —
B11: 최고 점수 | C11: =MAX(개인별정산!P6:P30) -> 319 | D11: —
B12: 월 상한 도달자 | C12: =COUNTIF(개인별정산!O6:O30,"초과") -> 0 | D12: 0~2명이 적정 · 3명 이상이면 상한 상향 검토
B13: 상위 3인 점유율 | C13: =IFERROR(SUM(LARGE(개인별정산!P6:P30,1),LARGE(개인별정산!P6:P30,2),LARGE(개인별정산!P6:P30,3))/개인별정산!P31,0) -> 0.29491525 | D13: 40% 초과 시 독점 우려
B14: 첫글보너스 비중 | C14: =IFERROR(SUM(개인별정산!F6:F30)/개인별정산!N31,0) -> 0.33898305 | D14: 30% 초과 시 보너스 과다 검토
B17: 대표 유형 비교 (회의 설명용)
B18: 유형 | C18: 활동 요약 | D18: 최종 크레딧 | E18: 해석
B19: 작성자 A · 우수 생산자 | C19: 글 3 · 좋아요 45 · 위키 2 | D19: =개인별정산!P6 -> 276 | E19: 고품질 다수 반응 — 최상위
B20: 작성자 B · 다작형 | C20: 글 15 · 좋아요 20 · 위키 1 | D20: =개인별정산!P7 -> 275 | E20: 물량 대비 효율 낮음
B21: 작성자 C · 신규 진입자 | C21: 글 1 · 좋아요 18 · 첫글 | D21: =개인별정산!P8 -> 119 | E21: 첫글 보너스로 진입 유인 확보
B22: 작성자 D · 교육 중심 | C22: 교육 3회 · 타부서 지원 1 | D22: =개인별정산!P9 -> 319 | E22: S-Credit 비중이 큰 유형
B23: 열람자 E · 열람 전용 | C23: 글 0 · 좋아요 21회 누름 | D23: =개인별정산!P10 -> 39 | E23: 소액이나 참여 자체를 인정
B26: 회의에서 확인할 논점
B27: ① 첫 글 보너스 점수 — 설정 시트 C8 을 50 → 20 으로 낮추면 신규 진입자(작성자 C) 점수와
B28: '첫글보너스 비중' 지표가 어떻게 변하는지 확인. 현재 비중이 30%를 넘으면 보너스 과다.
B29: ② 다작 대비 품질 — 현재 배분에서는 글 3건(작성자 A)과 글 15건(작성자 B)의 점수 차이가 크지 않다.
B30: 글 작성 점수를 낮추고 위키 전환 점수를 올리면 품질 쪽으로 기운다.
B31: ③ 월 상한 수준 — 상한 도달자가 0명이면 상한이 사실상 작동하지 않는 것이다.
B32: 실제 로그가 쌓인 뒤 상위권 분포를 보고 재조정한다.
B33: ④ 열람 전용 참여(열람자 E) — 글 없이 좋아요만 눌러도 점수가 쌓인다. 이 수준이 적정한지 판단 필요.
